ID_Fuente,Fuente,ID_Dato ,Categoria,Descripción Fuente,Descarga Link,Descripción información,Email Contacto,Cobertura,Sitio Web,Link API,Especificaciones API,Descarga FTP,Descarga XML,Unnamed: 14,Unnamed: 15,Unnamed: 16,Unnamed: 17,Unnamed: 18,Unnamed: 19,Unnamed: 20,Unnamed: 21,Unnamed: 22,Unnamed: 23,Categorias
1,Clinica Alemana,1,,Informacion de atencion en epoca covid-19,,"Link con informacion de atencion, cuando acudir dependiendo de necesidad y sintomas",,nacional,https://www.clinicaalemana.cl/coronavirus-covid19/coronavirus,,,,,,,,,,,,,,,Hospitales y Clinicas
1,Clinica Alemana,2,,Nuevas medidas ante pandemia Covid-19,,"Informacion sobre medidas en clinica alemana por covid-19, Nueva Hospitalización Exclusiva para Enfermos Covid-19, Cierre Unidades y Servicios Ambulatorios, Actualización protocolos de atención en Urgencia Respiratoria y ajuste aranceles",,nacional,https://www.clinicaalemana.cl/coronavirus-covid19/nueva-medidas-frente-a-pandemia-covid-19,,,,,,,,,,,,,,,Organizaciones
1,Clinica Alemana,3,,Restricción de visitas a pacientes,,protocolo de visita a clinica alemana,,nacional,https://www.clinicaalemana.cl/coronavirus-covid19/restriccion-de-visitas-a-pacientes-protocolo,,,,,,,,,,,,,,,Alimentacion y Medicamentos
1,Clinica Alemana,4,,Informacion general y catastro de OMS de total de casos,,Entrega informacion general sobre el covd-19 y al final muestra el mapa actualizado de totales contagiados de la oms,,nacional,https://www.clinicaalemana.cl/coronavirus-covid19/coronavirus-claves-entender-enfermedad,,,,,,,,,,,,,,,Cuarentena
1,Clinica Alemana,5,,"Como llegar, direccion y telefono",,"Link a google maps, que ayuda a llegar por distintos medios, encontrar el mejor camino, entrega informacion de telefono y direccion de cada sucursal",,nacional,https://www.clinicaalemana.cl/nuestra-clinica/como-llegar,,,,,,,,,,,,,,,Trabajo
1,Clinica Alemana vitacura,6,,direccion en google maps,,Link directo de google maps clinica Alemana vitacura,,nacional,"https://www.google.com/maps/place/Cl%C3%ADnica+Alemana/@-33.3924357,-70.5752052,17z/data=!4m12!1m6!3m5!1s0x9662ced513235f8f:0xb555d18f0071c68c!2sCl%C3%ADnica+Alemana!8m2!3d-33.3924402!4d-70.5730165!3m4!1s0x9662ced513235f8f:0xb555d18f0071c68c!8m2!3d-33.3924402!4d-70.5730165",,,,,,,,,,,,,,,
1,Clinica Alemana chicureo,7,,direccion en google maps,,Link directo de google maps clinica Alemana Chicureo,,nacional,"https://www.google.com/maps/place/Cl%C3%ADnica+Alemana+de+Chicureo/@-33.2864094,-70.6543621,17z/data=!4m12!1m6!3m5!1s0x9662b9f3a21e1d05:0x57e1a71c623a6609!2sCl%C3%ADnica+Alemana+de+Chicureo!8m2!3d-33.2864139!4d-70.6521734!3m4!1s0x9662b9f3a21e1d05:0x57e1a71c623a6609!8m2!3d-33.2864139!4d-70.6521734",,,,,,,,,,,,,,,
2,Red salud,8,,Horarios de atencion,,Muestra los horarios de atencion que van modificando a diario en la pagina,,nacional,https://www.redsalud.cl/acerca-de-redsalud/noticias/horarios-de-atencion,,,,,,,,,,,,,,,Transporte
2,Red salud,9,,INDICACIONES PARA TRASLADARSE A UN CENTRO DE SALUD DURANTE CUARENTENA TOTAL,,Informacion de como funcionan los servicios de salud en cuarentena por covid-19,,nacional,https://www.redsalud.cl/acerca-de-redsalud/noticias/cuarentena-obligatoria-como-funcionan-los-servicios-de-salud,,,,,,,,,,,,,,,Economía
2,Red salud,10,,"Como llegar, direccion y telefono",,"Como llegar y deireccion de cada sucursal, asociado a google maps que indica mejor camino",,nacional,https://www.redsalud.cl/ubicaciones,,,,,,,,,,,,,,,
2,Red salud,11,,Informacion sobre urgencia en red salud,,Informacion de urgencia y cuando ir en caso de covid-19,,nacional,https://www.redsalud.cl/salud-y-cuidados/urgencia-en-clinicas-redsalud,,,,,,,,,,,,,,,
2,red salud,12,,Evaluador de sintomas en linea,,link en donde acceder a un evaluador de sintomas en caso de sospecha de covid19,,nacional,https://www.redsalud.cl/evaluador-covid-19,,,,,,,,,,,,,,,
2,Red salud Santiago,13,,direccion en google maps,,link google map red urgencia salud santiago,,nacional,"https://www.google.cl/maps/place/Cl%C3%ADnica+RedSalud+Santiago/@-33.4574432,-70.7038119,17z/data=!4m12!1m6!3m5!1s0x9662c488f6fb7f27:0x5d92d4b6e8ec7901!2sCl%C3%ADnica+RedSalud+Santiago!8m2!3d-33.4574432!4d-70.7016232!3m4!1s0x9662c488f6fb7f27:0x5d92d4b6e8ec7901!8m2!3d-33.4574432!4d-70.7016232?hl=es",,,,,,,,,,,,,,,
2,Red Salud providencia,14,,direccion en google maps,,link google map urgencia red salud Providencia,,nacional,"https://www.google.com/maps/place/Urgencia+Adultos/@-33.4349717,-70.6261165,19z/data=!4m12!1m6!3m5!1s0x9662c586ebdb3ea9:0x603ae2947581d730!2sUrgencia+Adultos!8m2!3d-33.4348084!4d-70.6258102!3m4!1s0x9662c586ebdb3ea9:0x603ae2947581d730!8m2!3d-33.4348084!4d-70.6258102",,,,,,,,,,,,,,,
2,Red Salud Vitacura,15,,direccion en google maps,,link google map urgencia red salud Vitacura,,nacional,"https://www.google.cl/maps/place/Tabancura+1233,+Vitacura,+Regi%C3%B3n+Metropolitana/@-33.3817376,-70.5373509,17z/data=!4m13!1m7!3m6!1s0x9662c95303c259d9:0xca1f1a84f552be21!2sTabancura+1233,+Vitacura,+Regi%C3%B3n+Metropolitana!3b1!8m2!3d-33.3817376!4d-70.5351622!3m4!1s0x9662c95303c259d9:0xca1f1a84f552be21!8m2!3d-33.3817376!4d-70.5351622?hl=es",,,,,,,,,,,,,,,
2,Red Salud Iquique,16,,direccion en google maps,,link google map urgencia red salud Iquique,,nacional,"https://www.google.cl/maps/place/Clinica+RedSalud+Iquique+-+Servicios+de+Urgencia/@-20.2181502,-70.1563958,17z/data=!4m12!1m6!3m5!1s0x915211547337885f:0x25e6c4eed337ef35!2sClinica+RedSalud+Iquique+-+Servicios+de+Urgencia!8m2!3d-20.2181502!4d-70.1542071!3m4!1s0x915211547337885f:0x25e6c4eed337ef35!8m2!3d-20.2181502!4d-70.1542071?hl=es",,,,,,,,,,,,,,,
2,Red Salud Elqui,17,,direccion en google maps,,link google map urgencia red salud Elqui,,nacional,"https://www.google.cl/maps/place/Clinica+RedSalud+Elqui+-+Servicios+de+Urgencia/@-29.9136036,-71.2594136,17z/data=!3m1!4b1!4m5!3m4!1s0x9691ca69662dbfb3:0x77b6b0c52f7d622!8m2!3d-29.9136036!4d-71.2572249?hl=es&shorturl=1",,,,,,,,,,,,,,,
2,Red Salud Valparaiso,18,,direccion en google maps,,link google map urgencia red salud Valparaiso,,nacional,"https://www.google.cl/maps/place/Cl%C3%ADnica+RedSalud+Valpara%C3%ADso+-+Servicios+de+Urgencia/@-33.0456161,-71.6144765,17z/data=!4m12!1m6!3m5!1s0x9689e0da6f62a379:0x8d7bf03c4bc84a8b!2sCl%C3%ADnica+RedSalud+Valpara%C3%ADso+-+Servicios+de+Urgencia!8m2!3d-33.0456161!4d-71.6122878!3m4!1s0x9689e0da6f62a379:0x8d7bf03c4bc84a8b!8m2!3d-33.0456161!4d-71.6122878?hl=es",,,,,,,,,,,,,,,
2,Red Salud Rancagua,19,,direccion en google maps,,link google map urgencia red salud Rancagua,,nacional,"https://www.google.cl/maps/place/Cl%C3%ADnica+RedSalud+Rancagua+-+Servicios+de+Urgencia/@-34.1653413,-70.7453174,17z/data=!3m1!4b1!4m5!3m4!1s0x96634314852e1ecb:0x6125b36bcd2a0cb2!8m2!3d-34.1653413!4d-70.7431287?hl=es",,,,,,,,,,,,,,,
2,Red Salud Temuco,20,,direccion en google maps,,link google map urgencia red salud Temuco,,nacional,"https://www.google.cl/maps/place/Clinica+RedSalud+Mayor+de+Temuco+-+Servicios+de+Urgencia/@-38.73,-72.6293973,17z/data=!3m1!4b1!4m5!3m4!1s0x9614d54fd3031fb5:0xb4bd7a18e104cbf6!8m2!3d-38.73!4d-72.6272086?hl=es",,,,,,,,,,,,,,,
2,Red Salud Magallanes,21,,direccion en google maps,,link google map urgencia red salud Magallanes,,nacional,"https://www.google.cl/maps/place/Luis+Miguel+Burgos+Sanhueza/@-53.1367274,-70.8884594,18z/data=!3m1!4b1!4m5!3m4!1s0xbdb2646c3776b391:0x3a46cb152f30d029!8m2!3d-53.1367274!4d-70.8873651?hl=es",,,,,,,,,,,,,,,
3,Clinica davila,22,,Protocolo de atencion en crisi covid-19,,Informacion de protocolo de atencion a pancientes en epoca de covid-19,,nacional,http://www.davila.cl/blog/nos-organizamos-de-una-nueva-manera-para-atenderte-con-seguridad,,,,,,,,,,,,,,,
3,Clinica davila,23,,Horario de visita,,Horario de visita en periodo contingencia de covid-19,,nacional,http://www.davila.cl/blog/horarios-de-visita,,,,,,,,,,,,,,,
3,Clinica davila,24,,Plan de contingencia covid-19,,informacion plan de contingencia de la por covid-19,,nacional,http://www.davila.cl/blog/plan-de-contingencia-covid-19,,,,,,,,,,,,,,,
3,clinica davila,25,,direccion en google maps,,link de google maps como llegar a clinica davila,,nacional,"https://www.google.com/maps/dir/-33.42078,-70.5621901/clinica+davila/@-33.4169311,-70.6397878,13z/data=!3m1!4b1!4m9!4m8!1m1!4e1!1m5!1m1!1s0x9662c59615b68abf:0xe224662bd7c1730e!2m2!1d-70.6468095!2d-33.4275246",,,,,,,,,,,,,,,
4,Clinica indisa,26,,Medidas preventivas de covid-19 clinica indisa,,"Informacion de horarios de visita, suspencion de procedimientos, atenciones de urgencia",,nacional,https://www.indisa.cl/indisaweb/noticias/medidas-preventivas.html?bt=slider,,,,,,,,,,,,,,,
4,Clinica indisa,27,,"Como llegar, telefono y direccion",,"Como llegar link a google maps, telefono y direccion",,nacional,https://www.indisa.cl/indisaweb/clinica/ubicacion.html,,,,,,,,,,,,,,,
4,Clinica indisa,28,,direccion en google maps,,link de google maps como llegar a clinica indisa,,nacional,"https://www.google.com/maps/place/Cl%C3%ADnica+Indisa/@-33.4214054,-70.6206614,17z/data=!4m12!1m6!3m5!1s0x9662c5ce221cc959:0x33a7ed6787d646c5!2sCl%C3%ADnica+Indisa!8m2!3d-33.4214099!4d-70.6184727!3m4!1s0x9662c5ce221cc959:0x33a7ed6787d646c5!8m2!3d-33.4214099!4d-70.6184727",,,,,,,,,,,,,,,
5,Clinica las condes,29,,TEST DE SOSPECHA DE CORONAVIRUS,,Test interactivo para personas que sospechen tener coronavirus,,nacional,https://www.clinicalascondes.cl/INFORMACION-AL-PACIENTE/autotest-coronavirus,,,,,,,,,,,,,,,
5,Clinica las condes,30,,HORARIOS DE CONSULTAS EN EPOCA DE CORONAVIRUS,,Horario de atencion de todas la areas de clinica y Recomendaciones para asistir a la clinica,,nacional,https://www.clinicalascondes.cl/BLOG/Listado/coronavirus/horarios-consultas-por-covid19,,,,,,,,,,,,,,,
5,Clinica las condes,31,,Link de informacion de las sedes,,Informacion de sedes de clinica,,nacional,https://www.clinicalascondes.cl/QUIENES-SOMOS/Conozca-CLC/Sedes,,,,,,,,,,,,,,,
5,Clinica las condes Estoril,32,,direccion en google maps,,link de google maps como llegar a clinica las condes estoril,,nacional,"https://www.google.com/maps/place/Urgencia+Cl%C3%ADnica+Las+Condes/@-33.3846174,-70.5324984,17z/data=!3m1!4b1!4m5!3m4!1s0x9662ceab20298743:0xc50c4039c11a9ee0!8m2!3d-33.3846219!4d-70.5303097",,,,,,,,,,,,,,,
6,Red salud UC Christus,33,,"Informacion Urgencia respiratoria, donde ir en caso de sintomas covid-19",,"Informacion de nueva urgencia respiratoria- covid-19, informacion de donde ir segun sintomas por covid-19",,nacional,https://www.ucchristus.cl/blog-salud-uc/articulos/2020/covid-19-nueva-urgencia-respiratoria,,,,,,,,,,,,,,,
6,Red salud UC Christus,34,,Innovador sistema para realizar test de Coronavirus COVID-19,,Informacion sobre nuevo sistema de test covid-19 en el auto,,nacional,https://www.ucchristus.cl/blog-salud-uc/articulos/2020/qu%C3%A9date-en-el-auto-innovador-sistema-para-realizar-test-de-coronavirus-covid-19,,,,,,,,,,,,,,,
6,Red salud UC Christus,35,,link para toma de hora para test covid-19 en el auto ,,link para toma de hora fde examen covid-19 en el auto,,nacional,https://agenda.ucchristus.cl/?area=97bd5208-60d1-4d6c-9d1e-a96e00ddbc15&tipo=especialidad&especialidad=c145f093-5112-4653-b447-ab89012aa707&servicio=67e6b9c5-2785-4254-b1a6-ab89012b0c5b&centro=6bad9b25-d5df-4565-b5fe-a6f701444053,,,,,,,,,,,,,,,
6,Red salud UC Christus,36,,link de ubicaciones de clinicas ,,"en la parte inferior de la pagina se puede ubicar un acceso a ubicaciones y cual es la clinica u hospital de la red uc mas cercana, e informacion de telefonos, direcciones y horarios",,nacional,https://www.ucchristus.cl/,,,,,,,,,,,,,,,
6,"Red salud UC Christus, Marcoleta",37,,direccion en google maps,,link de mapa en google masp para urgencia Red salud UC Christus Marcoleta,,nacional,"https://www.google.cl/maps/place/Marcoleta+352,+Santiago,+Regi%C3%B3n+Metropolitana/@-33.4425976,-70.6422021,17z/data=!4m13!1m7!3m6!1s0x9662c59e6e36278f:0x1a7b244fc2af1457!2sMarcoleta+352,+Santiago,+Regi%C3%B3n+Metropolitana!3b1!8m2!3d-33.4426021!4d-70.6400134!3m4!1s0x9662c59e6e36278f:0x1a7b244fc2af1457!8m2!3d-33.4426021!4d-70.6400134",,,,,,,,,,,,,,,
6,Red salud UC Christus San Carlos de Apoquindo,38,,direccion en google maps,,link de mapa en google masp para urgencia Red salud UC Christus San Carlos de Apoquindo,,nacional,"https://www.google.cl/maps/place/Camino+El+Alba+12351,+Las+Condes,+Regi%C3%B3n+Metropolitana/@-33.400391,-70.5118382,17z/data=!4m13!1m7!3m6!1s0x9662cc166fadfd8d:0xd9af1c04fa7b9585!2sCamino+El+Alba+12351,+Las+Condes,+Regi%C3%B3n+Metropolitana!3b1!8m2!3d-33.4003955!4d-70.5096495!3m4!1s0x9662cc166fadfd8d:0xd9af1c04fa7b9585!8m2!3d-33.4003955!4d-70.5096495",,,,,,,,,,,,,,,
7,Clinica Santa Maria,39,,Plan de contingencia covid-19,,"Plan de contingencia de la clinica en covid19, nueva urgencia respiratoria,  informacion urgencia general, restriccion de visita a pacientes",,nacional,https://www.clinicasantamaria.cl/informate/noticias/detalle/2020/03/16/tu-salud-y-seguridad-es-nuestra-prioridad,,,,,,,,,,,,,,,
7,Clinica Santa Maria,40,,Ubicacion,,"Ubicacion, telefono y direccion ",,nacional,https://www.clinicasantamaria.cl/ubicacion/clinica-santa-maria,,,,,,,,,,,,,,,
7,Clinica Santa Maria,41,,direccion en google maps,,link de mapa en google masp para Clinica Santa Maria,,nacional,"https://www.google.cl/maps/place/Bellavista+0415,+Providencia,+Regi%C3%B3n+Metropolitana/@-33.4323382,-70.6313502,17z/data=!4m13!1m7!3m6!1s0x9662c585f2a0b641:0x460083aead0073b0!2sBellavista+0415,+Providencia,+Regi%C3%B3n+Metropolitana!3b1!8m2!3d-33.4323427!4d-70.6291615!3m4!1s0x9662c585f2a0b641:0x460083aead0073b0!8m2!3d-33.4323427!4d-70.6291615",,,,,,,,,,,,,,,
8,Clinica Vespucio,42,,Plan de contingencia covid-19,,"Informacion de plan de contingencia por covid-19, plan de lugares de atencion, horario de visitas",,nacional,http://www.clinicavespucio.cl/covid-19/plan-de-contingencia-covid-19/,,,,,,,,,,,,,,,
8,Clinica Vespucio,43,,"Como llegar, informacion de contacto",,"ir a la parte inferior de la pagina, estara la informacion de telefono,  horario de atencion y mapa ",,nacional,http://www.clinicavespucio.cl/,,,,,,,,,,,,,,,
8,Clinica Vespucio,44,,direccion en google maps,,link de mapa en google maps para clinica vespucio,,nacional,"https://www.google.com/maps/place/Seraf%C3%ADn+Zamora+190,+La+Florida,+Regi%C3%B3n+Metropolitana/@-33.519033,-70.597068,15z/data=!4m5!3m4!1s0x9662d05e113680f9:0xcde5b8105461225a!8m2!3d-33.5190332!4d-70.5970676?hl=es-ES",,,,,,,,,,,,,,,
9,Clinica cordillera,45,,Protocolos de atencion,,"Informacion de la nueva urgencia respireatoria, informacion de hospitalizacion, horario de atencion",,nacional,https://nuevaclinicacordillera.cl/estamos-preparados/,,,,,,,,,,,,,,,
9,clinica cordillera,46,,Informacion de contacto y direccion,,en la parte inferior de la pagina se encuantran datos de contacto y direccion,,nacional,https://nuevaclinicacordillera.cl/,,,,,,,,,,,,,,,
9,clinica cordillera,47,,direccion en google maps,,link de mapa en google maps para clinica cordillera,,nacional,"https://www.google.cl/maps/place/Alejandro+Fleming+7889,+Las+Condes,+Regi%C3%B3n+Metropolitana/@-33.4250346,-70.5522213,17z/data=!3m1!4b1!4m13!1m7!3m6!1s0x9662ce8b4da9acf1:0xc99bd32f47d06b7f!2sAlejandro+Fleming+7889,+Las+Condes,+Regi%C3%B3n+Metropolitana!3b1!8m2!3d-33.4250391!4d-70.5500326!3m4!1s0x9662ce8b4da9acf1:0xc99bd32f47d06b7f!8m2!3d-33.4250391!4d-70.5500326",,,,,,,,,,,,,,,
10,Hospital clinico Universidad de chile,48,,direccion en google maps,,link de mapa en google maps hospital clinico universidad de chile,,nacional,"https://www.google.com/maps/place/Santos+Dumont+999,+Independencia,+Regi%C3%B3n+Metropolitana/@-33.420032,-70.653148,16z/data=!4m13!1m7!3m6!1s0x9662c5c661119509:0x755aef5bcb60d1d5!2sSantos+Dumont+999,+Independencia,+Regi%C3%B3n+Metropolitana!3b1!8m2!3d-33.4200316!4d-70.6531483!3m4!1s0x9662c5c661119509:0x755aef5bcb60d1d5!8m2!3d-33.4200316!4d-70.6531483?hl=es-ES",,,,,,,,,,,,,,,
11,Clinica Universidad de los andes,49,,direccion en google maps,,link de mapar en google maps de clinica universidad de los andes,,nacional,"https://www.google.com/maps/place/Av+Plaza+2501,+Las+Condes,+Regi%C3%B3n+Metropolitana/@-33.4056276,-70.5064013,17z/data=!4m13!1m7!3m6!1s0x9662cc3e6da40781:0xa932a60d30ed81e9!2sAv+Plaza+2501,+Las+Condes,+Regi%C3%B3n+Metropolitana!3b1!8m2!3d-33.4056276!4d-70.5042126!3m4!1s0x9662cc3e6da40781:0xa932a60d30ed81e9!8m2!3d-33.4056276!4d-70.5042126",,,,,,,,,,,,,,,
12,Clinica San Agustin Melipilla,50,,Informacion que tienen sobre covd-19,,informacion que entregan del covid-19,,nacional,http://www.saludsanagustin.cl/2020/03/23/comunicado-covid-19/,,,,,,,,,,,,,,,
12,Clinica San Agustin Melipilla,51,,"Informacion de horario de atencion, ubicacion y telefonos",,"Entrega informacion de horario de atencion, ubicacio y telefonos",,nacional,http://www.saludsanagustin.cl/horarios-de-atencion/,,,,,,,,,,,,,,,
12,Clinica San Agustin Melipilla,52,,direccion en google maps,,Link de mapa google maps Clinica San Agustin Melipilla,,nacional,"https://www.google.cl/maps/place/San+Agust%C3%ADn+473,+Melipilla,+Regi%C3%B3n+Metropolitana/@-33.6863421,-71.215507,17z/data=!4m13!1m7!3m6!1s0x966255ead5053e2d:0x54d44c62ce2f89f4!2sSan+Agust%C3%ADn+473,+Melipilla,+Regi%C3%B3n+Metropolitana!3b1!8m2!3d-33.6863466!4d-71.2133183!3m4!1s0x966255ead5053e2d:0x54d44c62ce2f89f4!8m2!3d-33.6863466!4d-71.2133183",,,,,,,,,,,,,,,
13,Clinica San Jose Arica,53,,Informacion de la clinica sobre covid-19,,informacion en pagina de clinica sobre covid-19,,nacional,https://www.clinicasanjose.cl/clinica_sanjose/cuidemonos-y-evitemos-el-contagio-del-covid-19,,,,,,,,,,,,,,,
13,Clinica San Jose Arica,54,,direccion en google maps,,link de mapa google maps clinica san jose arica,,nacional,"https://www.google.com/maps/place/Cl%C3%ADnica+San+Jos%C3%A9+de+Arica/@-18.4832535,-70.3088961,17z/data=!4m12!1m6!3m5!1s0x915aa9c732db2a93:0x35140a069b7916c7!2sCl%C3%ADnica+San+Jos%C3%A9+de+Arica!8m2!3d-18.4832586!4d-70.3067074!3m4!1s0x915aa9c732db2a93:0x35140a069b7916c7!8m2!3d-18.4832586!4d-70.3067074",,,,,,,,,,,,,,,
14,Clinica Fleming Arica,55,,Informacion de contacto y direccion,,informacion de contacto y telefono,,nacional,http://www.clinicaflemingarica.cl/contactenos/,,,,,,,,,,,,,,,
14,Clinica Fleming Arica,56,,direccion en google maps,,link de google maps de unicacion clinica fleming arica,,nacional,"https://www.google.com/maps/place/Clinica+Fleming+Arica/@-18.4694013,-70.3032371,17z/data=!4m12!1m6!3m5!1s0x915aa9bab9b9f3b7:0xe4128db4588d9b5e!2sClinica+Fleming+Arica!8m2!3d-18.4694064!4d-70.3010484!3m4!1s0x915aa9bab9b9f3b7:0xe4128db4588d9b5e!8m2!3d-18.4694064!4d-70.3010484",,,,,,,,,,,,,,,
15,Clinica Antofagasta,57,,direccion en google maps,,link de google maps de ubicacion clinica antofagasta,,nacional,"https://www.google.com/maps/place/Cl%C3%ADnica+Antofagasta/@-23.6539255,-70.4038451,17z/data=!4m12!1m6!3m5!1s0x96afd513d8be88db:0xe892ffee66a8ae83!2sCl%C3%ADnica+Antofagasta!8m2!3d-23.6539304!4d-70.4016564!3m4!1s0x96afd513d8be88db:0xe892ffee66a8ae83!8m2!3d-23.6539304!4d-70.4016564",,,,,,,,,,,,,,,
16,"Clinica el loa, Calama",58,,informacion contacto,,informacion de atencion y telefonos,,nacional,http://www.clinicaelloa.cl/,,,,,,,,,,,,,,,
16,"clinica El Loa, Calama",59,,direccion en google maps,,link de google maps de ubicacion clinica el loa,,nacional,"https://www.google.com/maps/place/Cl%C3%ADnica+El+Loa/@-22.45157,-68.92922,14z/data=!4m12!1m6!3m5!1s0x0:0x15723121a0f592cd!2sCl%C3%ADnica+El+Loa!8m2!3d-22.45157!4d-68.92922!3m4!1s0x0:0x15723121a0f592cd!8m2!3d-22.45157!4d-68.92922?hl=es-ES",,,,,,,,,,,,,,,
17,"Clinica portada, Antofagasta",60,,direccion en google maps,,link de google maps de ubicacion clinica La portada,,nacional,"https://www.google.cl/maps/place/Cl%C3%ADnica+Portada/@-23.6453882,-70.4013479,17z/data=!4m12!1m6!3m5!1s0x96afd53d9ae4e241:0xc0106769dd3158e9!2sCl%C3%ADnica+Portada!8m2!3d-23.6453931!4d-70.3991592!3m4!1s0x96afd53d9ae4e241:0xc0106769dd3158e9!8m2!3d-23.6453931!4d-70.3991592",,,,,,,,,,,,,,,
18,"Clinica Atacama, Copiapo",61,,Informacion de contacto y direccion,,informacion de contacto y telefono,,nacional,http://www.clinicarcratacama.cl/urgencia/,,,,,,,,,,,,,,,
18,"Clinica Atacama, Copiapo",62,,direccion en google maps,,link de google maps de ubicacion clinica atacama,,nacional,"https://www.google.cl/maps/place/Clinica+RCR+Atacama/@-27.3656578,-70.3301985,17z/data=!3m1!4b1!4m12!1m6!3m5!1s0x96980479d6ec9285:0x93b126ad1732ab8b!2sClinica+RCR+Atacama!8m2!3d-27.3656626!4d-70.3280098!3m4!1s0x96980479d6ec9285:0x93b126ad1732ab8b!8m2!3d-27.3656626!4d-70.3280098",,,,,,,,,,,,,,,
19,Clinica Alemana Temuco,63,,Protocolo de visita ,,Protocolo de visitas entregado por la cllinica,,nacional,https://portal.alemana.cl/wps/wcm/connect/temuco/home/landing/protocolo-visitas,,,,,,,,,,,,,,,
19,Clinica Alemana Temuco,64,,Informacion de urgencia respiratoria,,Informacio sobre urgencia respiratoria,,nacional,https://portal.alemana.cl/wps/wcm/connect/temuco/home/landing/urgencia-respiratoria,,,,,,,,,,,,,,,
19,Clinica Alemana Temuco,65,,Hora de atencion y contactos,,"Informacion de horario, telefono y direccion",,nacional,https://portal.alemana.cl/wps/wcm/connect/temuco/home/landing/horarios_cat,,,,,,,,,,,,,,,
19,Clinica Alemana Temuco,66,,direccion en google maps,,link de google maps de ubicacion clinica alemana temuco,,nacional,"https://www.google.cl/maps/place/Cl%C3%ADnica+Alemana+de+Temuco/@-38.7365718,-72.6130177,17z/data=!4m12!1m6!3m5!1s0x9614d3f71cd7c929:0xd187bf1fa4eb5abc!2sCl%C3%ADnica+Alemana+de+Temuco!8m2!3d-38.736576!4d-72.610829!3m4!1s0x9614d3f71cd7c929:0xd187bf1fa4eb5abc!8m2!3d-38.736576!4d-72.610829",,,,,,,,,,,,,,,
20,Clinica Puerto Varas,67,,Informacion protocolo de clinica y telefonos,,Politcas sobre protolo de covid-19 de la clinica y telefonos,,nacional,https://www.clinicapv.cl/emergencia-sanitaria/,,,,,,,,,,,,,,,
20,Clinica Puerto Varas,68,,direccion en google maps,,link de google maps de ubicacion clinica puerto varas,,nacional,"https://www.google.com/maps/place/Clinica+Puerto+Varas/@-41.318755,-72.991339,17z/data=!4m12!1m6!3m5!1s0x0:0x93210833fb1f39b0!2sClinica+Puerto+Varas!8m2!3d-41.3187546!4d-72.9913394!3m4!1s0x0:0x93210833fb1f39b0!8m2!3d-41.3187546!4d-72.9913394?hl=es-ES",,,,,,,,,,,,,,,
21,Clinica Puerto Montt,69,,Informacion de contacto y direccion,,link de pagina para extraer telefono y direccion,,nacional,https://clinpmontt.cl/,,,,,,,,,,,,,,,
21,Clinica Puerto Montt,70,,direccion en google maps,,link de google maps de ubicacion clinica puerto montt,,nacional,"https://www.google.com/maps/place/Calle+Panamericana+Nte.+400,+Puerto+Montt,+Los+Lagos/@-41.4585584,-72.9564104,17z/data=!4m13!1m7!3m6!1s0x96183b04fa10ea87:0x44b75187e54d193e!2sCalle+Panamericana+Nte.+400,+Puerto+Montt,+Los+Lagos!3b1!8m2!3d-41.4585584!4d-72.9542217!3m4!1s0x96183b04fa10ea87:0x44b75187e54d193e!8m2!3d-41.4585584!4d-72.9542217",,,,,,,,,,,,,,,
22,Clinica universitaria Puerto Montt,71,,"Informacion de mapa, telefono",,link de la pagina de informacion de mapa y telefono,,nacional,http://www.cupm.cl/index.php/mapa/,,,,,,,,,,,,,,,
22,Clinica universitaria Puerto Montt,72,,Contacto para covid-19,,Numero y datos para pacientes que crean tener covid-19,,nacional,https://www.cupm.cl/blog/?p=217,,,,,,,,,,,,,,,
22,Clinica universitaria Puerto Montt,73,,direccion en google maps,,link de google maps de ubicacion de clinica universitaria puerto montt,,nacional,"https://www.google.com/maps/place/Cl%C3%ADnica+Universitaria+Puerto+Montt/@-41.477766,-72.913888,16z/data=!4m12!1m6!3m5!1s0x0:0xe432ce1b851b4d24!2sCl%C3%ADnica+Universitaria+Puerto+Montt!8m2!3d-41.477766!4d-72.913888!3m4!1s0x0:0xe432ce1b851b4d24!8m2!3d-41.477766!4d-72.913888?hl=es-ES",,,,,,,,,,,,,,,
23,Clinica Alemana Valdivia,74,,Protocolo de visita de la clinica,,Protocolo de visita clinica,,nacional,https://portal.alemana.cl/wps/wcm/connect/valdivia/home/landing/protocolo-visitas,,,,,,,,,,,,,,,
23,Clinica Alemana Valdivia,75,,Informacion direccion y telefonos,,datos de contacto,,nacional,https://portal.alemana.cl/wps/wcm/connect/valdivia/home/mapa,,,,,,,,,,,,,,,
23,Clinica Alemana Valdivia,76,,direccion en google maps,,link de google maps de ubicacion de clinica alemana valdivia,,nacional,"https://www.google.com/maps/place/Cl%C3%ADnica+Alemana+Valdivia/@-39.8185499,-73.2417066,17z/data=!3m1!4b1!4m5!3m4!1s0x9615ee7a6be8e2cf:0xec0daf53bf5b4119!8m2!3d-39.818554!4d-73.2395179",,,,,,,,,,,,,,,
24,"Clinicas Las Amapolas, Chillan",77,,direccion en google maps,,link de google maps de ubicacion de clinica Las Amapolas Chillan,,nacional,"https://www.google.com/maps/place/Cl%C3%ADnica+Las+Amapolas/@-36.601161,-72.090153,16z/data=!4m12!1m6!3m5!1s0x0:0xe43128facf4f1c9d!2sCl%C3%ADnica+Las+Amapolas!8m2!3d-36.6011611!4d-72.0901528!3m4!1s0x0:0xe43128facf4f1c9d!8m2!3d-36.6011611!4d-72.0901528?hl=es-ES",,,,,,,,,,,,,,,
25,Clinica Chillan,78,,Medidas preventivas de covid-19 clinica Chillan,,"informacion de medidas preventivas de covid-19, restriccion de visitas",contacto@clinicachillan.cl,nacional,http://www.clinicachillan.cl/noticias/salud/medidas-preventivas-frente-a-coronavirus-covid-19/,,,,,,,,,,,,,,,
25,Clinica Chillan,79,,direccion en google maps,,link de google maps de ubicacion de clinica Chillan,,nacional,"https://www.google.com/maps/place/Cl%C3%ADnica+Chill%C3%A1n/@-36.6150904,-72.1097841,17z/data=!4m12!1m6!3m5!1s0x96692825dee98963:0xff345d92c92cb5d0!2zQ2zDrW5pY2EgQ2hpbGzDoW4!8m2!3d-36.6150947!4d-72.1075954!3m4!1s0x96692825dee98963:0xff345d92c92cb5d0!8m2!3d-36.6150947!4d-72.1075954?hl=es-ES",,,,,,,,,,,,,,,
26,"Clinica Tarapaca, Iquique",80,,Informackion de protocolos y urgencia respiratoria,,"Informacion de protocolos, horarios y urgerncia respiratoria",informaciones@clinicatarapaca.cl,nacional,https://clinicatarapaca.cl/estamos-preparados/,,,,,,,,,,,,,,,
26,"Clinica Tarapaca, Iquique",81,,direccion en google maps,,link de google maps de ubicacion clinica tarapaca,,nacional,"https://www.google.com/maps/place/Cl%C3%ADnica+Tarapac%C3%A1/@-20.2229281,-70.1477414,17z/data=!4m12!1m6!3m5!1s0x915213f8f1b9d505:0x354657e8b5d45a93!2zQ2zDrW5pY2EgVGFyYXBhY8Oh!8m2!3d-20.2229403!4d-70.1474744!3m4!1s0x915213f8f1b9d505:0x354657e8b5d45a93!8m2!3d-20.2229403!4d-70.1474744?hl=es-ES",,,,,,,,,,,,,,,
27,Clinica Reñaca,82,,Medidas preventivas por covid-19,,"Informacion de horarios, y protocolos para covid-19",,nacional,https://www.clinicarenaca.cl/clinica_renaca/destacados/informacion-importante-medidas-preventivas-por-covid-19,,,,,,,,,,,,,,,
27,Clinica Reñaca,83,,Informacion de como llegar,,informacion de como llegar a la clinica numero de telefono,,nacional,https://www.clinicarenaca.cl/clinica_renaca/informacion-al-paciente/como-llegar-a-clinica-renaca,,,,,,,,,,,,,,,
27,Clinica Reñaca,84,,direccion en google maps,,link en google maps de ubicacion clinica Reñaca,,nacional,"https://www.google.com/maps/place/Cl%C3%ADnica+Bupa+Re%C3%B1aca/@-32.9834469,-71.536255,17z/data=!4m12!1m6!3m5!1s0x9689dda8d4ef3799:0xa5c3cde900e047ee!2zQ2zDrW5pY2EgQnVwYSBSZcOxYWNh!8m2!3d-32.9834514!4d-71.5340663!3m4!1s0x9689dda8d4ef3799:0xa5c3cde900e047ee!8m2!3d-32.9834514!4d-71.5340663?hl=es-ES",,,,,,,,,,,,,,,
28,"Clinicas Los Carreras, Quilpue",85,,protocolo de atencion y horario,,protocolo de atencion y horarios por covid 19,informaciones@clinicaloscarrera.cl,nacional,https://clinicaloscarrera.cl/estamos-preparados/,,,,,,,,,,,,,,,
28,"Clinicas Los Carreras, Quilpue",86,,direccion en google maps,,link en google maps de ubicacion clinica Los Carreras,,nacional,"https://www.google.com/maps/place/Cl%C3%ADnica+Los+Carrera/@-33.0488272,-71.4385734,17z/data=!4m12!1m6!3m5!1s0x9689d90789c3b8a5:0x6186c7b33c322643!2sCl%C3%ADnica+Los+Carrera!8m2!3d-33.0488317!4d-71.4363847!3m4!1s0x9689d90789c3b8a5:0x6186c7b33c322643!8m2!3d-33.0488317!4d-71.4363847?hl=es-ES",,,,,,,,,,,,,,,
29,"clinicas Los Leones, Calera",87,,protocolo de atencion y urgencia respiratoria,,protocolo de atencion y horarios por covid 19,,nacional,https://clinicalosleones.cl/estamos-preparados/,,,,,,,,,,,,,,,
29,"clinicas Los Leones, Calera",88,,direccion en google maps,,link en google maps de ubicacion clinica Los Leones,,nacional,"https://www.google.com/maps/place/Cl%C3%ADnica+Los+Leones/@-32.7899255,-71.1856787,17z/data=!4m12!1m6!3m5!1s0x968834a91df4998d:0x2a28543474ca17a3!2sCl%C3%ADnica+Los+Leones!8m2!3d-32.78993!4d-71.18349!3m4!1s0x968834a91df4998d:0x2a28543474ca17a3!8m2!3d-32.78993!4d-71.18349?hl=es-ES",,,,,,,,,,,,,,,
30,"Clinica Ciudad del Mar, Viña de Mar",89,,protocolo de plan de contingencia,,"protocolo de atencion en covid-19, e informacion telefono y horarios", info@ccdm.cl,nacional,https://www.ccdm.cl/plan-de-contingencia-covid-19/,,,,,,,,,,,,,,,
30,"Clinica Ciudad del Mar, Viña de Mar",90,,direccion en google maps,,link en google maps de ubicacion clinica ciudad del mar,,nacional,"https://www.google.com/maps/place/Cl%C3%ADnica+Ciudad+del+Mar/@-33.0097842,-71.5517663,17z/data=!4m12!1m6!3m5!1s0x9689e0a2fa7d6c8f:0x3a938dc2661e60d7!2sCl%C3%ADnica+Ciudad+del+Mar!8m2!3d-33.0097887!4d-71.5495776!3m4!1s0x9689e0a2fa7d6c8f:0x3a938dc2661e60d7!8m2!3d-33.0097887!4d-71.5495776?hl=es-ES",,,,,,,,,,,,,,,
31,"Clinica Biobio, Talcahuano",91,,protocolo de plan de contingencia,,"protocolo de atencion en covid-19, horarios y telefonos",,nacional,http://www.clinicabiobio.cl/noticias/detalle?noticia=plan-de-contingencia-covid-19,,,,,,,,,,,,,,,
31,"Clinica Biobio, Talcahuano",92,,direccion en google maps,,link en google maps de ubicacion clinica bio bio,,nacional,"https://www.google.com/maps/place/Clinica+Bio+Bio/@-36.789753,-73.062173,16z/data=!4m12!1m6!3m5!1s0x0:0x49442c26695f0488!2sClinica+Bio+Bio!8m2!3d-36.7897531!4d-73.0621728!3m4!1s0x0:0x49442c26695f0488!8m2!3d-36.7897531!4d-73.0621728?hl=es-ES",,,,,,,,,,,,,,,
32,Clinica Universitaria Concepcion,93,,direccion en google maps,,link en google maps de ubicacion clinica universitaria biobio,,nacional,"https://www.google.com/maps/place/Cl%C3%ADnica+Universitaria+de+Concepci%C3%B3n/@-36.800471,-73.071919,14z/data=!4m5!3m4!1s0x0:0x371f26d2248fb036!8m2!3d-36.8004713!4d-73.0719195?hl=es-ES",,,,,,,,,,,,,,,
33,"Clinica los Andes, Los angeles",94,,"informacion de ubicacion, telefono y horario",,"informacion de ubicacion, telefono y horario",,nacional,http://www.clinicalosandes.cl/nosotros/ubicacion2/,,,,,,,,,,,,,,,
33,"Clinica los Andes, Los angeles",95,,direccion en google maps,,link en google maps de ubicacion clinica los andes en los angeles,,nacional,"https://www.google.com/maps/place/Cl%C3%ADnica+Los+Andes/@-37.4673561,-72.3388444,17z/data=!4m12!1m6!3m5!1s0x966bdd574b43bf53:0x3c3f1e8d123c8371!2sCl%C3%ADnica+Los+Andes!8m2!3d-37.4673604!4d-72.3366557!3m4!1s0x966bdd574b43bf53:0x3c3f1e8d123c8371!8m2!3d-37.4673604!4d-72.3366557",,,,,,,,,,,,,,,
34,Clinica Isamedica,96,,Informacion a funcionamiento de clinica,,"informacion de funcionamiento de la clinica en epoca de covid-19, horario, telefono",,nacional,http://www.clinicaisamedica.cl/covid19.html,,,,,,,,,,,,,,,
34,Clinica Isamedica,97,,telefonos de urgencia,,telefono de urgencia y wassap de contacto,,nacional,http://www.clinicaisamedica.cl/urgencia.html,,,,,,,,,,,,,,,
34,Clinica Isamedica,98,,direccion en google maps,,link en google maps de ubicacion clinica isamedica,,nacional,"https://www.google.com/maps/place/Cl%C3%ADnica+Isam%C3%A9dica/@-34.185798,-70.722903,15z/data=!4m12!1m6!3m5!1s0x0:0xf97f663f58cb7d0!2zQ2zDrW5pY2EgSXNhbcOpZGljYQ!8m2!3d-34.185798!4d-70.722903!3m4!1s0x0:0xf97f663f58cb7d0!8m2!3d-34.185798!4d-70.722903?hl=es",,,,,,,,,,,,,,,
35,"Clinica Lircay, Talca",99,,protocolo de atencion e informacion de contacto,,"protocolo de atencion,e informacion de telefonos, direccion y horario",,nacional,https://www.clinicalircay.cl/?p=6213,,,,,,,,,,,,,,,
35,"Clinica Lircay, Talca",100,,direccion en google maps,,link en google maps de ubicacion clinica lircay,,nacional,"https://www.google.cl/maps/place/Cl%C3%ADnica+Lircay/@-35.4235709,-71.6697702,17z/data=!4m12!1m6!3m5!1s0x9665c420771ac7f9:0x9a0623a03cccd873!2sCl%C3%ADnica+Lircay!8m2!3d-35.4235753!4d-71.6675815!3m4!1s0x9665c420771ac7f9:0x9a0623a03cccd873!8m2!3d-35.4235753!4d-71.6675815",,,,,,,,,,,,,,,
